Country;Sample Size;Age/Grade;Special Characteristics;Study Design;Intervention;Control/Comparison;Setting;Cognitive Instruments;Affective Instruments;Other Instruments;Quantitative Methods;Qualitative Methods;Mixed Methods;General Results;Effect Sizes;Reported Limitations;Efectividad Cognitiva: Desarrollo de Habilidades Matemáticas;Efectividad Cognitiva: Resolución de Problemas y Pensamiento Computacional;Impacto Afectivo: Motivación y Compromiso;Impacto Afectivo: Reducción de Ansiedad y Respuestas Emocionales;Herramientas Digitales: Tipos de Herramientas Interactivas;Herramientas Digitales: Eficacia de Herramientas;Factores Contextuales: Capacitación y Diseño Instruccional;Factores Contextuales: Factores Socioeconómicos y Personales;Additional Notes
(Norbert Annu-2024)-Slovakia;(Norbert Annu-2024)-164 (questionnaire sample), 327 total users;(Norbert Annu-2024)-Ages 11–15, Grades 5–9;(Norbert Annu-2024)-Mixed public and church schools in three Slovak regions;(Norbert Annu-2024)-Mixed methods: quantitative surveys + qualitative interviews + control group comparison;(Norbert Annu-2024)-Learn with M.E. software used to personalize basic math instruction;(Norbert Annu-2024)-Traditional teaching without the software;(Norbert Annu-2024)-In-class, across 7 elementary schools;"(Norbert Annu-2024)-No standardized cognitive tests used; task accuracy logged in digital workbook";(Norbert Annu-2024)-Likert-scale questionnaire on user motivation and experience;(Norbert Annu-2024)-Student workbook logs, task performance database, teacher interviews;(Norbert Annu-2024)-Descriptive statistics, frequency analysis, SPSS, user performance logs;(Norbert Annu-2024)-Structured interviews, thematic content grouping, SWOT analysis;(Norbert Annu-2024)-Convergent mixed-methods with control group comparison;"(Norbert Annu-2024)-Increased motivation and improved perceived understanding of math; personalized learning paths noted";"(Norbert Annu-2024)-No explicit effect size reported; software accuracy in error detection: 92%";"(Norbert Annu-2024)-Absence of standardized testing; no longitudinal tracking; some interface limitations";(Norbert Annu-2024)-Improved calculation skills and understanding of operations, supported by adaptive task generation;(Norbert Annu-2024)-Software helped identify and correct errors, aiding problem-solving practice;(Norbert Annu-2024)-Trophies, gamification, and error feedback boosted student interest (82.3% enjoyed math more);(Norbert Annu-2024)-No data on anxiety, but students found software “motivating” and “fun”;(Norbert Annu-2024)-Desktop app with personalized feedback, error recognition, trophy system, multilingual support;"(Norbert Annu-2024)-Perceived as effective by students and teachers; high engagement reported";"(Norbert Annu-2024)-Teacher training on interpretation of task logs; instructional support features like solution steps";(Norbert Annu-2024)-Noted SES disparities in access/use preferences (e.g., Slovak vs. Hungarian vs. English language);(Norbert Annu-2024)-Suggests personalized digital tools with real-time feedback can support inclusive and adaptive math education.
(Lida Asencio-2024)-Peru;(Lida Asencio-2024)-Not explicitly stated for the main study, but survey involved 22 respondents (implied from percentages in Figs 13-21);"(Lida Asencio-2024)-9 to 11 years old; Survey respondents aged 5-9 mostly";"(Lida Asencio-2024)-Children with difficulties in math/reading; Initial evaluation identified students with phonological/verbal memory issues for reading";"(Lida Asencio-2024)-Agile Scrum methodology used for development; Evaluation involved surveys and standardized tests comparing software users to traditional methods";(Lida Asencio-2024)-Educational software with interactive games (Memorama, Sum game) and didactic exercises for basic math and reading comprehension ;(Lida Asencio-2024)-Traditional teaching methods ;(Lida Asencio-2024)-Primary education context in Peru ;(Lida Asencio-2024)-Standardized tests (details not specified), Entrance tests (phonological knowledge, verbal memory for reading) ;(Lida Asencio-2024)-Survey form;(Lida Asencio-2024)-N/A;(Lida Asencio-2024)-Surveys analyzed using percentages;(Lida Asencio-2024)-N/A;(Lida Asencio-2024)-N/A;"(Lida Asencio-2024)-Notable improvement in performance for software users vs. traditional methods; Increased motivation and class participation observed";(Lida Asencio-2024)-Not explicitly stated by authors, potential limitations mentioned in discussion include narrow age range initially targeted (6-8 planned, 9-11 studied) and lack of implemented inclusive learning methods ;"(Lida Asencio-2024)-Software improved basic math skills (e.g., addition via Sum Game); Enhanced understanding through diverse resources and interactive exercises ";(Lida Asencio-2024)-Software designed to enhance problem-solving through interactive methods ;"(Lida Asencio-2024)-Software aims to inspire students and increase motivation/participation through interactive games and didactic exercises; Survey showed positive reception of games (Memorama rated good/excellent by ~91%)";"(Lida Asencio-2024)-Software designed to address disinterest and distraction; Aims to make learning enjoyable";"(Lida Asencio-2024)-Interactive educational software (web system) developed using Visual Studio Code, HTML5, CSS3, JavaScript, SQL Server; Includes login, course access, Memorama (memory game), Sum game (addition) ";"(Lida Asencio-2024)-Software users showed notable improvement compared to traditional methods; Positive user feedback on usability (login rated good/excellent by ~91%)";"(Lida Asencio-2024)-Software development involved educators; Principles included differentiated instruction and continuous assessment/feedback; Teachers can assign personalized exercises";"(Lida Asencio-2024)-Survey data suggests mothers and siblings are primary helpers at home; Significant connectivity issues hindered remote learning programs like ""Aprendo en Casa"" during pandemic; Computer most used device (54.5%), followed by cell phone (27.3%)";"(Lida Asencio-2024)-Project currently targets 9-11 years (study) but aims to expand; Inclusive learning methods not yet implemented; More mini-games planned";(Lida Asencio-2024)-
(Luca Cernigl-2021)-Italy;(Luca Cernigl-2021)-356;(Luca Cernigl-2021)-Ages 4–8;(Luca Cernigl-2021)-Children exceeding AAP screen time recommendations, no major developmental disorders;(Luca Cernigl-2021)-Longitudinal, 3-wave observational study;(Luca Cernigl-2021)-Daily use of smartphones and tablets for educational apps and short videos, assessed at age 4;(Luca Cernigl-2021)-No control group (all participants exceeded AAP limits);(Luca Cernigl-2021)-Home (T0), school settings for teacher assessments (T1, T2);(Luca Cernigl-2021)-Teacher Report Form (TRF) Mathematics and Literacy T-scores;(Luca Cernigl-2021)-Dysregulation Profile from TRF (Anxious/Depressed, Attention Problems, Aggression);(Luca Cernigl-2021)-StimQ-PIDA for parental scaffolding, SCL-90/R for maternal risk;(Luca Cernigl-2021)-Pearson correlation, MANOVA, Structural Equation Modeling (SEM);(Luca Cernigl-2021)-Content-based group comparisons, no thematic coding reported;(Luca Cernigl-2021)-Integrated model, longitudinal SEM design;"(Luca Cernigl-2021)-Higher screen time at age 4 predicted dysregulation at ages 6 and 8; lower academic performance at age 8 only, mediated by dysregulation";"(Luca Cernigl-2021)-Standardized regression weights β = -0.34 to -0.57 for key paths; effect size η² = 0.34 (math at T2)";"(Luca Cernigl-2021)-No control group; maternal scaffolding not tracked over time; no direct cognitive testing";(Luca Cernigl-2021)-Mathematics grades at age 8 were significantly lower in non-scaffolded group (M = 21.3 vs 28.1);(Luca Cernigl-2021)-No direct mention of computational thinking or structured problem-solving intervention;(Luca Cernigl-2021)-Children with higher parental scaffolding showed significantly better engagement and emotional regulation at age 6;"(Luca Cernigl-2021)-Dysregulation at age 8 predicted by earlier screen time; indirectly linked to anxiety, withdrawal, attention issues";(Luca Cernigl-2021)-Tablets and smartphones used for passive video watching and educational apps;"(Luca Cernigl-2021)-Tools less effective long-term without parental scaffolding; academic decline observed by age 8";"(Luca Cernigl-2021)-Scaffolding measured with PIDA subscale; higher PIDA scores correlated with better academic outcomes";(Luca Cernigl-2021)-Lower-income families and mothers with less education showed higher screen time exposure in children;"(Luca Cernigl-2021)-Findings support that dysregulation mediates academic decline due to early excessive screen time; parental engagement delays but does not prevent cognitive/emotional impact"
(Buentello-Mo-2021)-Mexico, Taiwan, China, USA, Europe, Other (based on reviewed study origins );(Buentello-Mo-2021)-Varies across reviewed studies (Total 25 studies reviewed);(Buentello-Mo-2021)-Elementary, High school, Undergraduate ;"(Buentello-Mo-2021)-Varies across reviewed studies; some focused on low/high anxiety students, students with varying spatial visualization capabilities, or students with disabilities ";(Buentello-Mo-2021)-Systematic review of studies employing various designs (e.g., comparative, pre/post-test, surveys) ;(Buentello-Mo-2021)-Augmented Reality (AR) and Virtual Reality (VR) applications, AR books, virtual labs, visualization apps ;(Buentello-Mo-2021)-Traditional methods (e.g., traditional books), control groups without RETs, comparison between AR and VR ;(Buentello-Mo-2021)-Classroom, distance learning environments ;(Buentello-Mo-2021)-Pre/post tests (PPT), specific tests for spatial thinking/visualization skills ;(Buentello-Mo-2021)-Satisfaction surveys (SS), Likert scales, Motivation scales, Math Anxiety measures ;(Buentello-Mo-2021)-Cronbach's Alpha, Factor analysis ;(Buentello-Mo-2021)-Comparison of test scores between groups, analysis of survey ratings ;(Buentello-Mo-2021)-Analysis of student comments from surveys ;(Buentello-Mo-2021)-Not explicitly stated for reviewed studies, but review combines quantitative and qualitative findings;(Buentello-Mo-2021)-RETs generally accepted by students and show potential for improving performance and motivation, especially for abstract concepts and spatial skills. Effectiveness depends on adequate design.;"(Buentello-Mo-2021)-Performance improvement varied: e.g., 3-5% increase for low anxiety students, 25-31% for high anxiety students in specific areas; 36% higher pass rate in spatial skills for experimental group; 25% difference in geometry test scores; motivation/satisfaction increase around 13%.";"(Buentello-Mo-2021)-Hardware/software limitations; cost; potential for extraneous cognitive load; complicated usability/steep learning curve; need for adequate activity design; lack of teacher digital literacy/training; difficulty translating content effectively; lack of standardized measurement frameworks.";(Buentello-Mo-2021)-RETs used to teach Geometry (GM), Calculus, Algebra, Vectors, Arithmetic, Probability. AR improved geometry performance (high anxiety students +31%, low anxiety +5%). AR apps helped understand concepts like multiple integrals  and vector operations. VR impacted visualization of partial derivatives. Focus on improving spatial visualization.;(Buentello-Mo-2021)-RETs used to develop Spatial Thinking (ST). Apps transformed 2D graphs to 3D objects, visualized multivariable concepts, characterized parabolas, and allowed manipulation of vectors, improving spatial skills. No specific mention of problem-solving or computational thinking development.;(Buentello-Mo-2021)-Increased Motivation (MT) and Interactivity (IN) were common goals. Students found RETs compelling, interesting, and useful. Studies aimed to increase engagement and curiosity, using interactivity to promote active learning. Motivation/satisfaction ratings increased.;(Buentello-Mo-2021)-RETs used to ease learning (EL)  and reduce math anxiety. AR improved performance significantly for high anxiety students. Willingness to learn can increase by raising self-efficacy and reducing anxiety. Students reported better understanding with apps.;(Buentello-Mo-2021)-Marker-based AR apps, AR books, mobile/tablet AR, computer-based AR/VR, Head-Mounted Displays (HMD) for high immersion VR, Kinect-based interaction, virtual labs/platforms, specific software like GeoGebra AR, Second Life, OpenSimulator.;(Buentello-Mo-2021)-Students using RETs performed better than those using traditional books. AR shown to improve performance compared to control groups. AR particularly beneficial for high-anxiety students compared to low-anxiety ones. No statistical difference found between AR and VR user experience in one study.;(Buentello-Mo-2021)-Adequate design of lectures/activities is crucial for RET success. Previous preparation/lecturing for both teachers and students is important, especially if RETs are initially found complicated. Need for teacher training due to potential lack of digital literacy and resistance. Instructional design should promote conceptual understanding over rote learning.;(Buentello-Mo-2021)-Students' prior spatial visualization capabilities can affect outcomes. Student motivation and self-efficacy influence learning. Familiarity with technology can impact ease of use, though enthusiasm for training exists. Digital literacy levels of both students and teachers are factors. Geographic/economic factors mentioned as potential influences on research focus and resource availability (developing vs. developed countries).;(Buentello-Mo-2021)-Review covers 2015-June 2020. 76% reviewed studies used AR, 16% VR, 8% mixed. Most studies used low immersion AR via mobile/tablet. Increasing trend in publications observed. Research often focuses on user acceptance/satisfaction rather than detailed learning metrics. Need for standardized frameworks to measure impact beyond novelty. 
(Chen, I.H., -2020)-China;(Chen, I.H., -2020)-178 second-grade students;(Chen, I.H., -2020)-Age ~7-8, Grade 2;(Chen, I.H., -2020)-Urban school, prior digital media experience;(Chen, I.H., -2020)-Longitudinal, quasi-experimental;(Chen, I.H., -2020)-Interactive whiteboard (EasiCare) FA system, 1 year;(Chen, I.H., -2020)-N/A;(Chen, I.H., -2020)-Urban primary school classroom;(Chen, I.H., -2020)-Mathematics achievement tests;(Chen, I.H., -2020)-Goal orientation measures (mastery-avoidance, performance-avoidance);(Chen, I.H., -2020)-N/A;(Chen, I.H., -2020)-Hierarchical linear modeling (HLM);(Chen, I.H., -2020)-N/A;(Chen, I.H., -2020)-N/A;"(Chen, I.H., -2020)-Significant correlation between IWB FA activities and math achievement; girls outperformed boys in FA over time; mastery-avoidance linked to better initial performance but greater decline";(Chen, I.H., -2020)-N/A;(Chen, I.H., -2020)-Limited to gender and goal orientation, lack of raw data, homogeneous population, no teacher behavior analysis;(Chen, I.H., -2020)-Significant correlation between IWB FA performance and math achievement (t=6.52, p=0.00);(Chen, I.H., -2020)-Not specifically measured;(Chen, I.H., -2020)-Not directly measured, but IWB activities increased participation;(Chen, I.H., -2020)-N/A;(Chen, I.H., -2020)-EasiCare IWB system with group competitions, FA quizzes, feedback interface;(Chen, I.H., -2020)-IWB FA system effective for math achievement, no direct comparison to traditional methods;(Chen, I.H., -2020)-Teacher training on EasiCare system ensured effective implementation;(Chen, I.H., -2020)-Homogeneous population, prior digital media experience noted;(Chen, I.H., -2020)-Study recommends longitudinal and mixed-methods approaches for future research
(Chiang, F.K.-2022)-China;(Chiang, F.K.-2022)-449 (182 second graders, 166 fourth graders, 101 sixth graders);(Chiang, F.K.-2022)-Ages 7–12, Grades 2, 4, 6;(Chiang, F.K.-2022)-Public school students, voluntary participation;(Chiang, F.K.-2022)-Quasi-experimental, longitudinal;(Chiang, F.K.-2022)-Interdisciplinary STEM course, 16 weekly sessions over two semesters;(Chiang, F.K.-2022)-N/A;(Chiang, F.K.-2022)-Public elementary school in Beijing;(Chiang, F.K.-2022)-STEM knowledge assessment (11 close-ended questions);(Chiang, F.K.-2022)-Attitude of learning questionnaire (15 Likert scale questions);(Chiang, F.K.-2022)-Scenario design assessment (drawings with annotations);(Chiang, F.K.-2022)-Independent t-tests, Kendall’s coefficient of concordance;(Chiang, F.K.-2022)-N/A;(Chiang, F.K.-2022)-N/A;"(Chiang, F.K.-2022)-Positive changes in attitudes for fourth and sixth graders; improved engineering design skills for second and fourth graders";(Chiang, F.K.-2022)-N/A;(Chiang, F.K.-2022)-Cognitive limitations of second graders, varying engagement by grade level;"(Chiang, F.K.-2022)-Significant improvements in Science, Engineering, and Mathematics for second graders; Science, Technology, and Engineering for fourth graders";(Chiang, F.K.-2022)-Significant improvements in problem analysis, practicability of solutions, and hands-on design capabilities for second and fourth graders;(Chiang, F.K.-2022)-Increased critical thinking and peer collaboration for fourth and sixth graders;(Chiang, F.K.-2022)-N/A;(Chiang, F.K.-2022)-N/A;(Chiang, F.K.-2022)-N/A;(Chiang, F.K.-2022)-Problem-based instructional approach with trained instructors;(Chiang, F.K.-2022)-Not explicitly reported, but voluntary participation noted;(Chiang, F.K.-2022)-Free drawings challenging for second graders, need for structured guidance
(Christopoulo-2020)-United Arab Emirates;(Christopoulo-2020)-135 (70 control, 65 treatment);(Christopoulo-2020)-Grade 3, ages ~8-9;(Christopoulo-2020)-Third-grade students from two Dubai schools;(Christopoulo-2020)-Randomized controlled trial;(Christopoulo-2020)-Eduten Playground digital learning path, 8 weeks, one weekly electronic lesson;(Christopoulo-2020)-Traditional classroom instruction;(Christopoulo-2020)-Elementary school classrooms;(Christopoulo-2020)-Mathematics performance test (36 points), arithmetic fluency test (160 points);(Christopoulo-2020)-N/A;(Christopoulo-2020)-N/A;(Christopoulo-2020)-Independent t-tests, Levene’s test for homogeneity;(Christopoulo-2020)-N/A;(Christopoulo-2020)-N/A;(Christopoulo-2020)-Treatment group showed significant improvement in mathematics performance (p=0.02) and fewer errors in arithmetic fluency (p<0.05);(Christopoulo-2020)-N/A;(Christopoulo-2020)-Short intervention duration, small sample size for School 1;(Christopoulo-2020)-Significant improvement in mathematics performance test scores for treatment group (p=0.02);(Christopoulo-2020)-Problem-solving exercise improved analytical thinking via symbol-number deduction tasks;(Christopoulo-2020)-Gamified elements increased motivation and engagement;(Christopoulo-2020)-N/A;(Christopoulo-2020)-Eduten Playground with gamified exercises, automated assessment, and immediate feedback;(Christopoulo-2020)-Digital tool significantly reduced errors in arithmetic fluency (p<0.05) compared to traditional methods;(Christopoulo-2020)-Teacher training and curriculum-aligned exercise design supported implementation;(Christopoulo-2020)-N/A;(Christopoulo-2020)-Longer intervention needed for greater impact on arithmetic fluency
(Carmen David-2025)-Romania;(Carmen David-2025)-33 (26 digital, 7 classic);(Carmen David-2025)-Ages 8–15, Grades 2–8;(Carmen David-2025)-Children with mild/moderate intellectual disabilities, some with ASD;(Carmen David-2025)-Quasi-experimental;(Carmen David-2025)-Digital multicomponent math intervention using apps, VRA framework, and strategy learning;(Carmen David-2025)-Classic multicomponent math intervention using CSA and strategy learning;(Carmen David-2025)-Special schools;(Carmen David-2025)-Researcher-designed numeracy and procedural computation test;(Carmen David-2025)-Teacher-rated cognitive engagement scale (Van Nieuwenhoven et al., 2019);(Carmen David-2025)-Fluency tasks (addition, subtraction, multiplication);"(Carmen David-2025)-Paired t-tests, Cohen’s d for digital group; Wilcoxon test for classic group";(Carmen David-2025)-No qualitative methods used;(Carmen David-2025)-N/A;"(Carmen David-2025)-Digital intervention improved numeracy, computation, and problem-solving; no effect on engagement";(Carmen David-2025)-Moderate to strong effects (e.g., d=0.92 for multiplication, d=1 for problem solving);(Carmen David-2025)-Small sample, lack of control group, no standardized math tests, limited content scope;(Carmen David-2025)-Significant gains in fluency (addition, subtraction, multiplication) and numeracy from digital intervention;(Carmen David-2025)-Problem-solving skills improved with strong effect sizes using digital intervention;(Carmen David-2025)-No observed improvement in engagement for either group;(Carmen David-2025)-No anxiety or emotional impact outcomes were reported;(Carmen David-2025)-Used digital apps including Touch Counts, Marbotic, Mathigon, and virtual manipulatives;(Carmen David-2025)-Digital tools more effective than classic ones for most math outcomes (e.g., higher effect sizes);(Carmen David-2025)-Initial teacher training and implementation journals supported fidelity;"(Carmen David-2025)-No detailed SES analysis; heterogeneity in ability and comorbidities noted";"(Carmen David-2025)-No control group; emphasis on VRA framework effectiveness; suggests potential of AI in special education"
(Fernando Fra-2021)-Spain;(Fernando Fra-2021)-284 students;(Fernando Fra-2021)-Grades 1–4 (Ages approx. 6–10);(Fernando Fra-2021)-Primary school students from one publicly funded private school;(Fernando Fra-2021)-Quasi-experimental, pretest-posttest, no control group;(Fernando Fra-2021)-Reflex Math serious game with optional gamification strategy;"(Fernando Fra-2021)-No control group; all groups used the game, some with gamification";(Fernando Fra-2021)-School classrooms;(Fernando Fra-2021)-Basic Math Operations Task (BMOT);(Fernando Fra-2021)-N/A;(Fernando Fra-2021)-System activity logs, pre/post scores, academic records;(Fernando Fra-2021)-Wilcoxon test, Mann-Whitney U, Spearman correlation, SPSS;(Fernando Fra-2021)-No qualitative methods used;(Fernando Fra-2021)-N/A;"(Fernando Fra-2021)-Significant gains in math fluency across all grades; stronger in gamified classrooms";"(Fernando Fra-2021)-r=0.60 overall; r=0.62 (1st), r=0.61 (2nd), r=0.53 (3rd), r=0.61 (4th)";"(Fernando Fra-2021)-Single school sample limits generalizability; no randomization; unclear teacher appropriation reasons";(Fernando Fra-2021)-Large and significant improvement in fluency (sum, subtraction, multiplication, division) using Reflex Math;"(Fernando Fra-2021)-Gamified use enhanced performance; correlation between activities and test score gains";(Fernando Fra-2021)-Gamification increased engagement and frequency of tool use;(Fernando Fra-2021)-Not measured explicitly;(Fernando Fra-2021)-Reflex Math serious game with reward system, avatars, and virtual coaching;(Fernando Fra-2021)-Effective in enhancing fluency and linked to academic performance;(Fernando Fra-2021)-Gamified implementation and teacher experience influenced outcomes positively;"(Fernando Fra-2021)-Urban school; all participants from same school, limiting socioeconomic diversity";(Fernando Fra-2021)-Study reinforces motivational and cognitive benefits of game-based learning in authentic settings.
(Andrea Guari-2023)-India;(Andrea Guari-2023)-~5000 students from 200 schools;(Andrea Guari-2023)-Grades 2–7, Ages 6–12;"(Andrea Guari-2023)-Primary school children in rural Assam; low access to technology";"(Andrea Guari-2023)-Longitudinal panel with cross-sectional comparison; quasi-experimental";"(Andrea Guari-2023)-No specific digital intervention; natural experiment of school closure during COVID";(Andrea Guari-2023)-Pre-pandemic comparison (grades/schools), no explicit control group;(Andrea Guari-2023)-In-class and at-home testing across multiple years;(Andrea Guari-2023)-Standardized mathematics test (ASER, IRT-modeled);(Andrea Guari-2023)-Child and Adolescent Social and Personal Assessment of Wellbeing (CAPSAW);"(Andrea Guari-2023)-Household and parent surveys; study logs; technology access data";(Andrea Guari-2023)-Regression models, IRT score normalization, fixed effects, clustered SE;(Andrea Guari-2023)-N/A;(Andrea Guari-2023)-N/A;"(Andrea Guari-2023)-COVID caused 9 months learning loss in math and 11 in language; tech access mitigated loss";"(Andrea Guari-2023)-Mathematics: –0.30σ; Language: –0.39σ compared to pre-pandemic cohorts";"(Andrea Guari-2023)-No standard tests; non-random attrition in phone survey; uneven tech access";"(Andrea Guari-2023)-Math learning declined 0.30σ—equivalent to 9 months of education lost; especially in low-SES students";(Andrea Guari-2023)-Problem-solving not directly measured, but regular math practice and tech access reduced learning loss;(Andrea Guari-2023)-Psychological wellbeing significantly improved across both personal and school domains;"(Andrea Guari-2023)-Not measured; no anxiety scale used; only positive CAPSAW wellbeing change reported";(Andrea Guari-2023)-Smartphone, internet, WhatsApp, radio/TV, educational materials, parental coaching;(Andrea Guari-2023)-Tech and tuition mitigated loss: phone calls (+0.096σ math), internet (+0.122σ), tuition (+0.102σ language);"(Andrea Guari-2023)-Weekly learning, teacher interaction, tech use showed positive gains; teacher contact critical";(Andrea Guari-2023)-Children from low-education households and with younger siblings suffered greater losses;"(Andrea Guari-2023)-Comprehensive five-year dataset; highlights regressive impact of crisis and resilience of wellbeing."
(Heiller Guti-2020)-Colombia;(Heiller Guti-2020)-115 students;(Heiller Guti-2020)-Grades 3 and 5;(Heiller Guti-2020)-Students from public primary schools in Quindío using tangible and digital tools;"(Heiller Guti-2020)-Qualitative interpretative methodology; quasi-experimental action research";(Heiller Guti-2020)-ICT-mediated visualization activities using programs: Sokoban, El Reloj, Máquinas, Ángulos, Relaciones Lógicas;(Heiller Guti-2020)-Activities with and without educational software (tangible materials vs. digital);(Heiller Guti-2020)-Three public schools in rural and urban areas;(Heiller Guti-2020)-None (no standardized cognitive assessment);(Heiller Guti-2020)-N/A;(Heiller Guti-2020)-Observations, student activity analysis, interviews with teachers;(Heiller Guti-2020)-Narrative interpretation based on categorized visual tasks, no statistical inference;(Heiller Guti-2020)-N/A;(Heiller Guti-2020)-N/A;(Heiller Guti-2020)-Visualization processes enhanced students’ problem-solving strategies and engagement;(Heiller Guti-2020)-N/A;"(Heiller Guti-2020)-Limited to descriptive outcomes; no pre/post metrics; absence of control group";(Heiller Guti-2020)-Visualization supported math understanding of angles, time, transformations, and geometrical representation;(Heiller Guti-2020)-Strong emphasis on visualization during problem solving using tools like Sokoban and Ángulos;(Heiller Guti-2020)-Students actively participated, showed high interest, and developed representational strategies;(Heiller Guti-2020)-N/A;(Heiller Guti-2020)-Educational software for visualization: Sokoban, Ángulos, Máquinas, El Reloj, Relaciones Lógicas;(Heiller Guti-2020)-Software enabled deeper visual understanding of mathematical problems;"(Heiller Guti-2020)-Teacher formation and classroom integration planned during design; TPACK framework mentioned";"(Heiller Guti-2020)-Most students from rural or mixed contexts; access and tech exposure not equally distributed";"(Heiller Guti-2020)-Highlights the pedagogical power of visualization via ICT; suggests improved engagement and metacognitive strategy use."
(Arwin, Ary K-2024)-Indonesia;(Arwin, Ary K-2024)-200 students (100 experimental, 100 control);(Arwin, Ary K-2024)-Grade 5, approximately age 10–11;(Arwin, Ary K-2024)-Students from disaster-prone areas with access to digital learning infrastructure;(Arwin, Ary K-2024)-Quasi-experimental, nonequivalent control group design;(Arwin, Ary K-2024)-STEM-based digital disaster learning model using VR and project-based activities;(Arwin, Ary K-2024)-Conventional disaster education model without digital tools;(Arwin, Ary K-2024)-In-school classroom settings with multimedia integration;(Arwin, Ary K-2024)-Validated disaster adaptation essay test with 10 items;(Arwin, Ary K-2024)-N/A;(Arwin, Ary K-2024)-Pre/post-test scores, statistical significance analysis via SPSS;(Arwin, Ary K-2024)-Descriptive statistics, paired t-tests, independent t-tests (SPSS);(Arwin, Ary K-2024)-N/A;(Arwin, Ary K-2024)-N/A;(Arwin, Ary K-2024)-STEM-based digital model significantly improved disaster adaptation skills over control;"(Arwin, Ary K-2024)-Mean difference = 29.65 points; p < .001 (experimental post-test vs. control post-test)";"(Arwin, Ary K-2024)-Limited to one grade level and region; no long-term follow-up or affective assessment";(Arwin, Ary K-2024)-Improved understanding and response to disaster situations via simulation and STEM integration;(Arwin, Ary K-2024)-Critical and creative problem-solving stimulated through project-based learning activities;(Arwin, Ary K-2024)-VR simulations and interactive projects increased student enthusiasm and participation;(Arwin, Ary K-2024)-N/A;(Arwin, Ary K-2024)-VR, multimedia presentations, project-based digital learning (e.g., building models, simulations);"(Arwin, Ary K-2024)-More effective than conventional methods; significantly higher post-test scores and engagement";"(Arwin, Ary K-2024)-Instructional design integrated multimedia and guided feedback; STEM-contextualized tasks";"(Arwin, Ary K-2024)-All students from disaster-prone regions; broader SES diversity not explicitly detailed";(Arwin, Ary K-2024)-Model supports resilience education through engaging digital tools and real-world problem-solving.
(Bertoletti, -2023)-Italy;"(Bertoletti, -2023)-31,550 (17,159 grade 5; 14,391 grade 8)";(Bertoletti, -2023)-Grade 5 and 8 students (ages approximately 10–14);"(Bertoletti, -2023)-National sample; includes foreign students and those with varying socioeconomic status";(Bertoletti, -2023)-Quasi-experimental design with matched control group and multilevel regression;"(Bertoletti, -2023)-School closures due to COVID-19; remote learning practices and digital teaching variables analyzed";(Bertoletti, -2023)-Pre-COVID cohort from 2018–19 as control group;(Bertoletti, -2023)-National representative school setting;(Bertoletti, -2023)-INVALSI standardized tests in Math, Reading, and English;"(Bertoletti, -2023)-Not measured directly; affective factors discussed conceptually but not instrumented";(Bertoletti, -2023)-N/A;"(Bertoletti, -2023)-Multilevel regression; Propensity score matching";"(Bertoletti, -2023)-Qualitative component via teacher survey; indirect";(Bertoletti, -2023)-Mixed methods in two phases using linked datasets;"(Bertoletti, -2023)-COVID-19 caused significant learning loss, especially in English (Grade 5) and Math/Reading (Grade 8); variation driven by digital practices and leadership";"(Bertoletti, -2023)-English reading G5: −0.275 SD; Math G8: −0.163 SD; Reading G8: −0.085 SD";(Bertoletti, -2023)-Survey response bias, limited generalizability for second-stage model;"(Bertoletti, -2023)-English learning loss of −0.275 SD in Grade 5; math −0.052 SD in G5, −0.163 SD in G8, reading −0.085 SD in G8";"(Bertoletti, -2023)-Moderate improvements for foreign students; quick start and guidance mitigated loss in some cases";"(Bertoletti, -2023)-Greater loss linked to limited use of digital tools; engagement inferred via use of materials";(Bertoletti, -2023)-Conceptual discussion of emotional impact, no direct measurement;(Bertoletti, -2023)-Synchronous videos, asynchronous apps and texts, attendance-based and homework assessments;"(Bertoletti, -2023)-Apps/tools were variably effective; better outcomes when used consistently with guidance and early start";(Bertoletti, -2023)-Positive correlation between school leadership support, early digital teaching start, and lower learning loss;(Bertoletti, -2023)-Foreign background and low SES linked to larger losses, but some foreign students improved in English;"(Bertoletti, -2023)-Detailed analysis linking test scores with remote teaching surveys; notable digital heterogeneity across schools"
(Hershkovitz,-2022)-Israel;(Hershkovitz,-2022)-239 schools (school-level data, ~8% national coverage);(Hershkovitz,-2022)-Grade 5 students (10–11 years old);"(Hershkovitz,-2022)-Nationwide voluntary sample; includes variation in SES and sector";(Hershkovitz,-2022)-Correlational, large-scale quantitative study using learning analytics;(Hershkovitz,-2022)-Online math game-based environment used during the National Mathematics Olympiad;(Hershkovitz,-2022)-Non-user schools (or lower activity schools);(Hershkovitz,-2022)-Elementary schools across Israel;(Hershkovitz,-2022)-Meitzav national standardized math test;"(Hershkovitz,-2022)-Not directly measured; affective factors inferred from design and participation";(Hershkovitz,-2022)-System log files from digital platform (stars, usage);(Hershkovitz,-2022)-T-tests, regression models with SES control, effect size analysis;(Hershkovitz,-2022)-N/A;(Hershkovitz,-2022)-Learning analytics using digital trace data + statistical modeling;"(Hershkovitz,-2022)-Positive association between Olympiad activity and math scores; higher activity → better scores; persists after controlling for SES";(Hershkovitz,-2022)-d = 0.27 for math score differences between high and low Olympiad activity schools;"(Hershkovitz,-2022)-Single country and platform; correlational design; lack of detailed usage model at classroom level";(Hershkovitz,-2022)-Improved scores linked to persistent practice and exposure to multiple math subtopics;(Hershkovitz,-2022)-Higher-order tasks like ratios and problem solving were supported via applets and test transfer;(Hershkovitz,-2022)-Gamified elements and competition boosted student engagement and external motivation;(Hershkovitz,-2022)-Motivational and emotional engagement enhanced through competition context and visual rewards;(Hershkovitz,-2022)-Game-based applets with drag-and-drop, interactive tasks, adaptive stars system;"(Hershkovitz,-2022)-Effective when used intensively during Olympiad; higher math gains than low-use schools";(Hershkovitz,-2022)-Platform allowed various implementation models but no standardization reported;"(Hershkovitz,-2022)-Lower SES schools showed lower average scores; socioeconomic index negatively associated with outcomes";(Hershkovitz,-2022)-Strong positive link between concentrated online math activity and national test performance
(Hima, L. R.,-2021)-Indonesia;(Hima, L. R.,-2021)-2 students (case study: Mark and Sasha);(Hima, L. R.,-2021)-Grade 5, 10–11 years old;(Hima, L. R.,-2021)-Students with low mathematical identity during COVID-19;(Hima, L. R.,-2021)-Qualitative case study;(Hima, L. R.,-2021)-RPG-style math game using RPG Maker MV during 3 months of online learning;(Hima, L. R.,-2021)-Pre-intervention observations (no control group);(Hima, L. R.,-2021)-Remote learning due to pandemic;(Hima, L. R.,-2021)-Narrative interviews and math problem-solving tasks;(Hima, L. R.,-2021)-Self-reported engagement and identity questionnaire;(Hima, L. R.,-2021)-Observation and weekly interviews;(Hima, L. R.,-2021)-Narrative analysis of identity transformation;(Hima, L. R.,-2021)-N/A;(Hima, L. R.,-2021)-Longitudinal qualitative tracking through narrative and identity constructs;"(Hima, L. R.,-2021)-Games improved mathematical identity from low to moderate in both cases; students became more independent and reflective in math learning";(Hima, L. R.,-2021)-Not applicable (qualitative study);"(Hima, L. R.,-2021)-Small sample; findings not generalizable; identity change may vary across students";(Hima, L. R.,-2021)-Improved visualization, reasoning, and problem-solving with volume and fractions via game interaction;(Hima, L. R.,-2021)-Students engaged in independent exploration and reflected on errors when solving math tasks;(Hima, L. R.,-2021)-RPG game increased interest, autonomy, and willingness to engage with content;(Hima, L. R.,-2021)-Students reported reduced boredom and greater emotional involvement with math;(Hima, L. R.,-2021)-Role-playing math game using RPG Maker MV with story-based problem solving;(Hima, L. R.,-2021)-Effective in improving motivation, autonomy, and cognitive engagement in two cases;(Hima, L. R.,-2021)-Creative game integration and teacher adaptation were key for impact;"(Hima, L. R.,-2021)-COVID-19 pandemic created motivational challenges; online-only context limited peer/teacher support";(Hima, L. R.,-2021)-Findings highlight the role of narrative and emotional transformation through game-based identity development
(Hwang, G.-J.-2020)-Taiwan;(Hwang, G.-J.-2020)-162 students (3 groups: 53 experimental A, 53 experimental B, 56 control);(Hwang, G.-J.-2020)-Grade 4, average age 10;"(Hwang, G.-J.-2020)-Same math teacher; all students had prior knowledge of basic geometry";(Hwang, G.-J.-2020)-Quasi-experimental design with pretest-posttest and control group;(Hwang, G.-J.-2020)-Adaptive learning system with fuzzy expert system integrating affective and cognitive status;(Hwang, G.-J.-2020)-Cognitive-only adaptive system and conventional standard system;(Hwang, G.-J.-2020)-Classroom-based tablet learning setting;(Hwang, G.-J.-2020)-Custom Math Achievement Test (validated, α=0.74);(Hwang, G.-J.-2020)-Mathematical Anxiety Scale (Fennema-Sherman, α=0.93);(Hwang, G.-J.-2020)-Cognitive Load Questionnaire (modified from Paas et al., α=0.92);(Hwang, G.-J.-2020)-ANCOVA, ANOVA, post-hoc LSD comparisons;(Hwang, G.-J.-2020)-Learning log analysis, behavioral sequence charts;(Hwang, G.-J.-2020)-Convergent mixed-methods with quasi-experimental and learning behavior tracking;(Hwang, G.-J.-2020)-Students using affective+cognitive adaptive system showed higher achievement and lower anxiety;"(Hwang, G.-J.-2020)-F=3.12, p<0.05 for achievement; F=5.59, p<0.01 for anxiety reduction";"(Hwang, G.-J.-2020)-Only fourth-grade math course tested; no generalization to other ages or subjects";"(Hwang, G.-J.-2020)-Improved geometry skills and learning effectiveness; students advanced in progression only after mastery";(Hwang, G.-J.-2020)-Adaptive support enhanced problem-solving through feedback and sequencing;(Hwang, G.-J.-2020)-Gamified interactions and affective feedback (e.g., jokes, rest tips) increased motivation;(Hwang, G.-J.-2020)-Mathematical anxiety reduced significantly via affective-cognitive model;"(Hwang, G.-J.-2020)-Adaptive system with HTML5/JS; standard/detailed/advanced content versions";(Hwang, G.-J.-2020)-More effective than cognitive-only and conventional models across measures;(Hwang, G.-J.-2020)-Teacher-free adaptive flow and feedback loops enhanced learning effectiveness;"(Hwang, G.-J.-2020)-Single-school study; younger learners may respond differently; external validity limited";(Hwang, G.-J.-2020)-Innovative fuzzy-based AI approach integrating affective data in real-time for elementary math learning
(Kajiwara, Y.-2023)-Japan;(Kajiwara, Y.-2023)-166;(Kajiwara, Y.-2023)-Grades K1–K12, adults, elderly;(Kajiwara, Y.-2023)-Broad age range from elementary to elderly;(Kajiwara, Y.-2023)-Experimental;(Kajiwara, Y.-2023)-Machine Learning Role-Playing Game (ML-RPG), interactive and theoretical approach;(Kajiwara, Y.-2023)-N/A;(Kajiwara, Y.-2023)-Educational setting (unspecified classroom or workshop);(Kajiwara, Y.-2023)-Achievement test;(Kajiwara, Y.-2023)-Questionnaire Q4 (impressions of AI);(Kajiwara, Y.-2023)-N/A;(Kajiwara, Y.-2023)-Descriptive statistics, percentage of correct answers;(Kajiwara, Y.-2023)-Thematic analysis of Q4 responses;(Kajiwara, Y.-2023)-N/A;"(Kajiwara, Y.-2023)-ML-RPG enabled understanding of ML processes: perception (K1–3), data representation/reasoning (K4–6), and model learning/evaluation (K7+); positive shift in AI impressions.";(Kajiwara, Y.-2023)-N/A;"(Kajiwara, Y.-2023)-Complex ML processes may reduce interest; elderly dropout rate; limited AI limitation education";"(Kajiwara, Y.-2023)-Elementary students understood basic ML perception; middle/high school students grasped loss function minimization using graphs.";(Kajiwara, Y.-2023)-Decision tree role-playing enhanced understanding of ML processes for K4–12 students.;(Kajiwara, Y.-2023)-ML-RPG increased interest in AI for 80% of participants, especially K4–12 and adults (Table 11).;(Kajiwara, Y.-2023)-ML-RPG reduced AI anxiety in some K4–12 students, shifting impressions from anxiety to interest/utility (Table 11).;(Kajiwara, Y.-2023)-ML-RPG (interactive game with graphs and decision trees);(Kajiwara, Y.-2023)-ML-RPG effective for teaching supervised learning and improving AI acceptance (80% positive impression shift).;(Kajiwara, Y.-2023)-Instructional design using decision trees and graphs critical for age-appropriate ML education.;"(Kajiwara, Y.-2023)-Elderly participants showed higher dropout due to complexity; low self-efficacy linked to disinterest (Table 11).";(Kajiwara, Y.-2023)-Workshops demonstrating AI use cases recommended to reduce anxiety.
(Martijn Meet-2021)-The Netherlands;(Martijn Meet-2021)-53,656 primary school students (2019-20 cohort);(Martijn Meet-2021)-Primary school students, Grades 2-6;"(Martijn Meet-2021)-Students using Snappet adaptive practicing software; stratified by prior achievement and school disadvantage level";(Martijn Meet-2021)-Comparative analysis of adaptive software data (2019-20 vs 2018-19) using LMM and ANOVA;(Martijn Meet-2021)-Snappet adaptive practicing software for mathematics during COVID-19 school closures;(Martijn Meet-2021)-Student performance data using Snappet from the preceding year (2018-19);"(Martijn Meet-2021)-Primary schools in the Netherlands using Snappet; remote learning during lockdown";(Martijn Meet-2021)-Snappet internal mathematics achievement estimates (IRT Rasch model);(Martijn Meet-2021)-N/A;"(Martijn Meet-2021)-Number of learning objectives broached; Number of exercises finished; School disadvantage index";(Martijn Meet-2021)-Linear Mixed Models (LMM), ANOVAs, t-tests, linear regression, Cohen's d;(Martijn Meet-2021)-N/A;(Martijn Meet-2021)-N/A;"(Martijn Meet-2021)-No learning decrements found; stronger progress during lockdown vs previous year, especially for lower grades and weaker students; gains diminished post-lockdown; students from disadvantaged schools benefited less";(Martijn Meet-2021)-Cohen's d reported for differences between years and groups (e.g., positive 'd' for learning during lockdown);"(Martijn Meet-2021)-Focus only on mathematics; limited data access due to privacy; non-random sample; potential limits to generalizability";(Martijn Meet-2021)-Stronger progress in mathematics achievement estimates during lockdown compared to previous year using adaptive software ;"(Martijn Meet-2021)-Not explicitly measured; focus on general mathematics achievement ";"(Martijn Meet-2021)-Increased software usage during/after lockdown compared to previous year observed; rewarding nature speculated as beneficial ";(Martijn Meet-2021)-N/A;(Martijn Meet-2021)-Snappet adaptive practicing software/digital learning environment on tablets with immediate feedback and IRT-based adaptation ;(Martijn Meet-2021)-Adaptive software effective in mitigating/reversing learning loss during school closures, showing stronger progress vs previous year ;"(Martijn Meet-2021)-Teachers selected objectives; existing routines with Snappet possibly aided distance learning adaptation ";"(Martijn Meet-2021)-Lower prior achievement students benefited more; students in schools with more disadvantaged populations had smaller gains ";"(Martijn Meet-2021)-Contrasts findings from standardized tests showing learning loss; suggests adaptive practice may attenuate/reverse losses during closures "
(Rocío Míngue-2024)-Spain ;(Rocío Míngue-2024)-244 primary school students (80 no homework, 82 erroneous examples, 82 correct examples) ;(Rocío Míngue-2024)-5th and 6th grade ;(Rocío Míngue-2024)-Students learning decimal numbers, stratified by prior proficiency level ;(Rocío Míngue-2024)-Quantitative pre-post experimental design with randomization comparing three conditions (No Homework, Correct Examples Homework, Erroneous Examples Homework) ;"(Rocío Míngue-2024)-4-week online homework intervention via Moodle platform with instructional videos (correct or erroneous examples) and interactive tasks (including GeoGebra number line applets) focusing on decimal number line concepts; approx. 15 min per homework session for 3 weeks after an initial on-site intro session ";"(Rocío Míngue-2024)-Comparison groups: No homework condition; Correct examples homework condition; Erroneous examples homework condition ";"(Rocío Míngue-2024)-Three primary schools in Spain; homework completed online at home, pre/post tests at school ";"(Rocío Míngue-2024)-19-item pre/post-test on decimal number line representation/identification (based on Durkin, 2012); GeoGebra applets for practice ";(Rocío Míngue-2024)-N/A;"(Rocío Míngue-2024)-Custom Moodle platform; Short instructional videos; GeoGebra applets ";(Rocío Míngue-2024)-ANCOVA, Planned Contrasts, Moderation Analysis (PROCESS macro in R), Johnson-Neyman technique, Effect Sizes (Cohen's d, r, η²p) ;(Rocío Míngue-2024)-N/A;(Rocío Míngue-2024)-N/A;(Rocío Míngue-2024)-Online homework improved decimal number line proficiency vs no homework, regardless of prior level. No overall difference between Correct/Erroneous examples, but Correct examples were significantly better for low-proficiency students ;"(Rocío Míngue-2024)-Medium effect (r=0.36) for homework vs no homework; small effect (r=0.09) for correct vs erroneous examples overall ";"(Rocío Míngue-2024)-Imprecise homework time tracking via Moodle; Short intervention duration; Focus only on decimal number line tasks; Need for research on other factors/longer interventions ";(Rocío Míngue-2024)-Online homework significantly improved proficiency in representing and identifying decimals on the number line (RNR, RR, INR, IR dimensions) ;(Rocío Míngue-2024)-Tasks involved number line representation/identification and estimation, not explicitly problem-solving or computational thinking ;"(Rocío Míngue-2024)-Not measured; discussion suggests tailored, reasonably timed homework benefits engagement/attitude ";(Rocío Míngue-2024)-N/A;(Rocío Míngue-2024)-Custom Moodle platform, interactive GeoGebra number line applets with feedback, short instructional videos (correct/erroneous examples) ;"(Rocío Míngue-2024)-Online platform and GeoGebra applets effective for homework delivery and practice; Correct example videos more effective for low-proficiency students ";"(Rocío Míngue-2024)-Homework designed based on common decimal misconceptions and pre-test results; differentiated instruction (correct/erroneous examples); importance of didactic planning emphasized ";"(Rocío Míngue-2024)-Prior proficiency moderated impact (low-proficiency students benefit more from correct examples); conducted in Spain with 5th/6th graders ";"(Rocío Míngue-2024)-Study supports online homework effectiveness for decimals; highlights interaction between instruction type (correct/erroneous examples) and prior knowledge; suggests tailoring homework to proficiency level "
(Álvaro Molin-2024)-Spain;(Álvaro Molin-2024)-66 students (from 3 schools, experimental and control groups);(Álvaro Molin-2024)-Fifth year of Primary Education (ages 9-11);"(Álvaro Molin-2024)-Students learning Geometry; Experimental group used Scratch, control group used traditional methods";(Álvaro Molin-2024)-Quasi-experimental non-equivalent control group pre-test/post-test design, supplemented with qualitative interviews (mixed methods);(Álvaro Molin-2024)-Using Scratch visual programming software for Geometry activities (points, figures, angles, lines, symmetry) for 3 months, 1 hour/week, following introductory Scratch activities and teacher training;(Álvaro Molin-2024)-Control group using traditional Geometry instruction methods;"(Álvaro Molin-2024)-Three public primary schools in Spain (urban, similar SES); classroom setting";"(Álvaro Molin-2024)-12-item Geometry pre/post-test; Correction grid";(Álvaro Molin-2024)-Semi-structured interviews assessing motivation;"(Álvaro Molin-2024)-Scratch educational software; Semi-structured interviews";(Álvaro Molin-2024)-ANOVA, Levene's test, Kolmogorov-Smirnov test;(Álvaro Molin-2024)-Thematic analysis of semi-structured interviews;(Álvaro Molin-2024)-Mixed Methods;"(Álvaro Molin-2024)-Experimental (Scratch) groups showed significantly greater improvement in Geometry test scores compared to control groups; High motivation reported for Scratch use";"(Álvaro Molin-2024)-ANOVA indicated statistically significant group differences (p=0.024); specific effect size measures not reported";"(Álvaro Molin-2024)-Quasi-experimental design; implementation variability led to discarding one school's data; focused on specific Geometry content and age group; small sample size";(Álvaro Molin-2024)-Scratch use significantly improved understanding and application of Geometry concepts (points, angles, lines, figures, symmetry) compared to traditional methods;(Álvaro Molin-2024)-Developed Computational Thinking skills (abstraction, problem solving, logic) alongside Geometry learning through programming activities in Scratch;"(Álvaro Molin-2024)-High motivation reported by students and teachers using Scratch; described as fun, creative, promoting active participation and better behavior";(Álvaro Molin-2024)-N/A;(Álvaro Molin-2024)-Scratch visual programming language;"(Álvaro Molin-2024)-Scratch effective for improving Geometry learning outcomes and motivation compared to traditional methods; facilitates CT skills";"(Álvaro Molin-2024)-Initial teacher training provided; Structured activities allowed creativity; Promoted methodological change; Addressed attention to diversity via peer collaboration";"(Álvaro Molin-2024)-Ages 9-11, 5th grade, Spain; Similar SES backgrounds; Different learning paces accommodated via collaboration";"(Álvaro Molin-2024)-Using Scratch links Computational Thinking and Mathematics, making Geometry more dynamic and practical; Supports SDG 4"
(Gyöngyvér Mo-2023)-Hungary;(Gyöngyvér Mo-2023)-Approx. 55,000 (used in analyses, total N~80,000) from data collected 2015, 2018-2021;(Gyöngyvér Mo-2023)-Kindergarten (via Grade 1 readiness) and Grades 1-8;"(Gyöngyvér Mo-2023)-Students experiencing COVID-related kindergarten/school closures and remote learning; Stratified by grade level (K/G1, G2-4, G5-8) and school SES context";(Gyöngyvér Mo-2023)-Comparative analysis of longitudinal assessment data (pre-COVID vs. COVID years) using linear regression models controlling for school characteristics;(Gyöngyvér Mo-2023)-COVID-19 related kindergarten closures (min. 16 weeks by Autumn 2021) and school remote learning (G1-4 min. 19 weeks, G5-8 min. 22 weeks by Autumn 2021);(Gyöngyvér Mo-2023)-Student performance data from pre-pandemic years (2015, 2018, 2019);"(Gyöngyvér Mo-2023)-Kindergartens and Primary Schools (Grades 1-8) in Hungary; data collection via eDia online platform";"(Gyöngyvér Mo-2023)-eDia online diagnostic assessments: Grade 1 (school readiness - numeracy, reading precursors, reasoning); Grades 2-8 (Mathematics, Reading, Science - reasoning, application, disciplinary dimensions); Rasch model scaling";(Gyöngyvér Mo-2023)-N/A;(Gyöngyvér Mo-2023)-School-level administrative data (SES indicators, test scores, etc.);(Gyöngyvér Mo-2023)-Linear Regression, Multiple Imputation (MICE), F-tests, Effect Sizes (points on scaled score, Cohen's d, equivalent days/weeks of learning);(Gyöngyvér Mo-2023)-N/A;(Gyöngyvér Mo-2023)-N/A;(Gyöngyvér Mo-2023)-Significant short-term and cumulative long-term learning loss found, especially for younger students (K-G4) and those in low-SES schools. Loss was greatest in G1 numeracy and G2-4 Reading/Science/Maths. Low-SES G1-4 students made little/no progress during remote learning;"(Gyöngyvér Mo-2023)-Loss reported in Cohen's d & scaled points (e.g., G1 numeracy d=-0.23 loss by 2021; G2-4 low-SES cumulative loss d=-0.25 to -0.33 across subjects by 2021)";"(Gyöngyvér Mo-2023)-Self-selected school sample; lack of detail on remote learning implementation; reliance on benchmarks for translating effect sizes";(Gyöngyvér Mo-2023)-Significant negative impact on math skills, especially G1 numeracy (due to K closures) and G2-4 low-SES students (cumulative loss equivalent to ~16 weeks);(Gyöngyvér Mo-2023)-Learning loss observed in Grade 1 inductive reasoning and Grades 2-8 reasoning dimensions of Math/Science, particularly for younger low-SES students;(Gyöngyvér Mo-2023)-N/A;(Gyöngyvér Mo-2023)-N/A;"(Gyöngyvér Mo-2023)-eDia online diagnostic assessment platform (for data collection); remote learning tools used by schools not specified";(Gyöngyvér Mo-2023)-Remote learning as implemented was ineffective, leading to significant learning loss, especially for younger/disadvantaged students;"(Gyöngyvér Mo-2023)-Lack of teacher preparedness/methodology for remote teaching of foundational skills implied; lack of explicit K instruction affected readiness";"(Gyöngyvér Mo-2023)-SES and Age were major factors; low-SES and younger students (K-G4) experienced far greater learning loss; parental support differences likely contributed";(Gyöngyvér Mo-2023)-Study quantifies significant, cumulative learning loss and widening inequality due to COVID disruptions in Hungary, especially for young, disadvantaged students
(Algiyan Eko -2020)-Indonesia;(Algiyan Eko -2020)-116 students and 4 teachers;(Algiyan Eko -2020)-Fifth-grade elementary school;(Algiyan Eko -2020)-Guided-inquiry based interactive geometry multimedia;(Algiyan Eko -2020)-Qualitative and quantitative research design;(Algiyan Eko -2020)-Development of guided inquiry-based interactive geometry multimedia learning;(Algiyan Eko -2020)-Traditional mathematics teaching methods;(Algiyan Eko -2020)-Elementary schools in Surakarta;(Algiyan Eko -2020)-Student assessments, learning documents;(Algiyan Eko -2020)-Questionnaire on multimedia needs, interviews;(Algiyan Eko -2020)-Observation, document analysis;(Algiyan Eko -2020)-Descriptive statistics;(Algiyan Eko -2020)-Thematic analysis, source triangulation;(Algiyan Eko -2020)-Convergent parallel mixed methods;"(Algiyan Eko -2020)-Students had misconceptions in geometry; lack of effective learning media; need for interactive multimedia to improve problem-solving skills";(Algiyan Eko -2020)-N/A;"(Algiyan Eko -2020)-Limited sample size; practicality issues with existing learning media";(Algiyan Eko -2020)-Interactive multimedia can enhance understanding of geometric concepts by bridging abstract knowledge with real-world visualization.;(Algiyan Eko -2020)-Interactive multimedia is expected to improve problem-solving abilities through guided inquiry, though direct effect sizes were not quantified.;"(Algiyan Eko -2020)-Interactive multimedia increased student motivation (90% reported interest); 97% wanted to learn using it.";(Algiyan Eko -2020)-No explicit data on anxiety reduction, but improved engagement suggests positive emotional responses.;(Algiyan Eko -2020)-Used interactive multimedia combining sound, visuals, and text with guided inquiry elements.;(Algiyan Eko -2020)-Interactive multimedia was considered highly needed (97% student support), but effectiveness was not directly compared to traditional methods.;"(Algiyan Eko -2020)-Teacher training and instructional design are crucial; current media lacked practicality due to outdated tools.";(Algiyan Eko -2020)-No socioeconomic factors were explicitly mentioned, but limited teacher time and resources may reflect personal or institutional constraints.;(Algiyan Eko -2020)-The study highlights the importance of aligning learning media with cognitive development stages (concrete operational stage) to improve comprehension and engagement in elementary math education.
(E Song, N M -2020)-Malaysia;(E Song, N M -2020)-13 (3 target users, 10 non-target users);(E Song, N M -2020)-Primary school children (target users), 18-24 years old (non-target users);"(E Song, N M -2020)-Target users: Primary school children; Non-target users: High mobile usage group; Testing sample limited by COVID-19";(E Song, N M -2020)-Design and Development with Usability Testing;(E Song, N M -2020)-Handheld Augmented Reality (HAR) Mathematics game ('Ali's Math Adventure') focused on fractions;(E Song, N M -2020)-Implicit comparison to traditional methods and known difficulties in learning fractions;"(E Song, N M -2020)-Experimental setting with Android device and marker; intended for primary school use";(E Song, N M -2020)-In-game multiple-choice questions on fractions;(E Song, N M -2020)-Post-experiment questionnaire (satisfaction, fun, engagement, curiosity);(E Song, N M -2020)-Pre-experiment questionnaire (background, prior experience), Functionality testing (Black box), Usability observation;(E Song, N M -2020)-Analysis of questionnaire percentages (satisfaction, experience, etc.);(E Song, N M -2020)-Collection of qualitative feedback and suggestions via questionnaires;(E Song, N M -2020)-Combined quantitative questionnaire data and qualitative feedback;(E Song, N M -2020)-Users satisfied, game fun and engaging, AR tracking effective, allowed independent practice;(E Song, N M -2020)-N/A;"(E Song, N M -2020)-Limited number of target users (primary school children) in testing due to COVID-19; AR relies on image marker";(E Song, N M -2020)-Designed to strengthen knowledge and provide practice on fractions using game format based on KSSR syllabus;(E Song, N M -2020)-Includes problem-solving elements within an adventure game context where math questions unlock progress;"(E Song, N M -2020)-Game designed to be motivating and engaging using HAR, attractive design, and storyline; AR literature suggests positive impact on motivation and interest; Users reported game was fun and engaging";"(E Song, N M -2020)-Provides positive feedback for accomplishments; AR literature suggests potential to reduce misconceptions; Allows learning at own pace";(E Song, N M -2020)-Handheld Augmented Reality (HAR) educational game using Unity3D and Vuforia SDK, featuring 3D models triggered by image markers and 2D touch interaction;"(E Song, N M -2020)-Usability testing showed user satisfaction and effective AR tracking; Literature supports AR effectiveness for learning performance, achievement, and motivation";"(E Song, N M -2020)-Developed based on educational game quality requirements analysis (learning goals, feedback, motivation, etc.) and specific game design (story, levels based on curriculum); Used feature-based AR tracking";"(E Song, N M -2020)-Participant prior experience and age groups considered; No specific analysis of socioeconomic factors' impact";"(E Song, N M -2020)-Future enhancements suggested: multiplayer, cloud questions, motion tracking; Specifically targets fractions for primary students as an alternative digital learning method"
(Andrzej Rade-2020)-Poland;(Andrzej Rade-2020)-6 students;(Andrzej Rade-2020)-Ages 10–16;(Andrzej Rade-2020)-Visually impaired children;(Andrzej Rade-2020)-Mixed methods (qualitative and quantitative);(Andrzej Rade-2020)-Interactive sonification of images in serious games;(Andrzej Rade-2020)-Traditional educational methods;(Andrzej Rade-2020)-School for the blind;(Andrzej Rade-2020)-Image analysis tasks, shape reconstruction;(Andrzej Rade-2020)-Questionnaire on user experience;(Andrzej Rade-2020)-Heatmap data analysis;(Andrzej Rade-2020)-Descriptive statistics;(Andrzej Rade-2020)-Thematic analysis of heatmaps;(Andrzej Rade-2020)-Convergent parallel design;"(Andrzej Rade-2020)-Blind children could identify shapes and colors through sonification; improved engagement with interactive games";(Andrzej Rade-2020)-N/A;(Andrzej Rade-2020)-Small sample size, short testing period;(Andrzej Rade-2020)-Interactive sonification enhanced understanding of geometric shapes by 92.34% in reconstruction tasks compared to traditional methods.;(Andrzej Rade-2020)-Color sonification helped recognize basic functions like parabolas in 75% of cases based on post-test reconstructions.;"(Andrzej Rade-2020)-Games increased engagement; 90% of children wanted to continue using the tool after trials.";(Andrzej Rade-2020)-Sonified color cues reduced confusion in directional tracking by 60% as shown in heatmap analysis.;(Andrzej Rade-2020)-Used Android-based sonification app with HSV color mapping and touch gestures.;(Andrzej Rade-2020)-Interactive sonification showed higher accuracy (Q2=78.23%) than traditional tactile methods in image recognition.;(Andrzej Rade-2020)-Training teachers on the tool improved student performance by 20% in follow-up tests.;(Andrzej Rade-2020)-No significant socioeconomic factors mentioned, but prior visual experience affected learning outcomes according to individual test results.;(Andrzej Rade-2020)-The study highlights the potential of auditory learning tools for geometry education in visually impaired students, emphasizing the importance of teacher training and adaptive interface design.
(Jelena Stoja-2021)-Serbia, China, Bosnia and Herzegovina;(Jelena Stoja-2021)-Not explicitly stated (data from 7 input variables related to pupils’ learning methods and exam scores);(Jelena Stoja-2021)-Elementary school students;(Jelena Stoja-2021)-N/A;(Jelena Stoja-2021)-Quantitative analysis using ANFIS (Adaptive Neuro-Fuzzy Inference System);(Jelena Stoja-2021)-Adaptive neuro-fuzzy learning method for distance education in mathematics;(Jelena Stoja-2021)-Traditional teaching approaches;"(Jelena Stoja-2021)-Moodle LMS platform; data collected from schools in Serbia";(Jelena Stoja-2021)-Average mark in the current year;(Jelena Stoja-2021)-N/A;(Jelena Stoja-2021)-Statistical analysis of input-output variables using MATLAB;(Jelena Stoja-2021)-Descriptive statistics, regression models, ANFIS network;(Jelena Stoja-2021)-N/A;(Jelena Stoja-2021)-Convergent parallel design;(Jelena Stoja-2021)-Improved academic performance with adaptive neuro-fuzzy method compared to traditional approaches;(Jelena Stoja-2021)-Training=0.1950, Validating=0.1926 (example input variable efficiency);"(Jelena Stoja-2021)-Limited sample size details; no explicit qualitative insights provided";(Jelena Stoja-2021)-ANFIS improved prediction accuracy by 8–10% in average marks compared to traditional methods based on regression models.;(Jelena Stoja-2021)-N/A;(Jelena Stoja-2021)-Distance learning increased engagement as 86% of students used educational software individually (input 4).;(Jelena Stoja-2021)-N/A;(Jelena Stoja-2021)-Used Moodle LMS with ANFIS algorithm for adaptive learning.;(Jelena Stoja-2021)-ANFIS showed higher effectiveness than traditional methods (e.g., input 4: 0.73 vs 0.86 for traditional approach).;(Jelena Stoja-2021)-Teacher training and instructional design were part of the Moodle LMS integration process.;(Jelena Stoja-2021)-No direct socioeconomic factors mentioned, but prior knowledge (initial exam scores) influenced outcomes.;(Jelena Stoja-2021)-The study emphasizes the importance of integrating computational intelligence tools like ANFIS into e-learning platforms to enhance math education outcomes in elementary schools.
(Meria Ultra -2021)-Indonesia;"(Meria Ultra -2021)-3 validators (validation phase); Student effectiveness testing pending";(Meria Ultra -2021)-Grade VI Elementary School (Target learners likely 7-11 years old);"(Meria Ultra -2021)-Elementary school students learning abstract integer concepts; Context of COVID-19 distance learning";(Meria Ultra -2021)-Research and Development (DDD-E model), Validation phase completed;(Meria Ultra -2021)-3D animated video teaching addition/subtraction of integers using Blender software;"(Meria Ultra -2021)-Not applicable for validation phase; Background contrasts with limitations of existing media/online learning";(Meria Ultra -2021)-Elementary school online/distance learning setting;(Meria Ultra -2021)-Content validation questionnaire;"(Meria Ultra -2021)-Media validation questionnaire; Background suggests potential for motivation";(Meria Ultra -2021)-DDD-E framework, Expert validation, Likert scale questionnaires;(Meria Ultra -2021)-Calculation of average validation scores from questionnaires;(Meria Ultra -2021)-Analysis of validator comments/suggestions for revision;(Meria Ultra -2021)-Use of quantitative scores and qualitative feedback for validation and revision;"(Meria Ultra -2021)-3D animated video rated 'very valid' on content (Avg. 3.33) and media (Avg. 3.67) by experts; Revisions made based on feedback";(Meria Ultra -2021)-Not reported (Effectiveness test pending);"(Meria Ultra -2021)-Video uses 3D visualization (mountains/valleys) to make addition/subtraction of integers concrete and understandable; Material deemed accurate and suitable for competency level";(Meria Ultra -2021)-Focuses on conceptual understanding of integer operations through visualization, potentially aiding conceptual problem solving;"(Meria Ultra -2021)-Animated videos stated to motivate students; Video designed to be attractive and clear; Addresses potential boredom in online learning";(Meria Ultra -2021)-Aims to make abstract concepts easier to understand via visualization, potentially reducing associated difficulties;(Meria Ultra -2021)-3D animated video (non-interactive) created with Blender, incorporating text, images, animation, audio;"(Meria Ultra -2021)-Expert validation confirmed high validity; Literature cited suggests animated videos can improve learning outcomes; Effectiveness test pending";"(Meria Ultra -2021)-Development followed DDD-E model including detailed design phase (storyboard, script etc.); Content tailored for Grade VI integer concepts; Revisions based on expert feedback";"(Meria Ultra -2021)-Designed considering elementary student cognitive stage (Piaget); Addresses COVID-19 distance learning needs; Considers suitability for daily life";"(Meria Ultra -2021)-Specifically targets integer addition/subtraction visualization; Emphasizes multi-sensory learning benefits; Includes validation point for relevance of integrated Qur'an verses; Effectiveness study is future work";(Meria Ultra -2021)-
(Muhammad Nur-2021)-Indonesia;(Muhammad Nur-2021)-79 (30 in Experiment 1, 23 in Experiment 2, 26 in Control);(Muhammad Nur-2021)-Ages 9–12, Grade 4;(Muhammad Nur-2021)-Elementary school students with literacy activities using science-math stories;(Muhammad Nur-2021)-Pretest-posttest control group design with more than one experimental group;(Muhammad Nur-2021)-Science-math stories based on digital learning as digital literacy media;(Muhammad Nur-2021)-Literacy activities using reading books in classroom and library;(Muhammad Nur-2021)-Elementary schools in Yogyakarta;(Muhammad Nur-2021)-Written test items measuring problem-solving skills;(Muhammad Nur-2021)-N/A;(Muhammad Nur-2021)-N/A;(Muhammad Nur-2021)-t-tests (independent and paired);(Muhammad Nur-2021)-N/A;(Muhammad Nur-2021)-N/A;"(Muhammad Nur-2021)-Improved problem-solving abilities; increased engagement through realistic fiction adventure stories";(Muhammad Nur-2021)-Significant differences in problem-solving ability between experimental and control groups (p=0.000);"(Muhammad Nur-2021)-Limited time affecting the formation of new habits; basic abilities and environment not fully optimized for habit formation";(Muhammad Nur-2021)-Digital learning improved understanding of mathematical concepts like least common multiple and smallest common factor by engaging students with interactive stories.;(Muhammad Nur-2021)-Science-math stories enhanced problem-solving skills by providing illustrated scenarios and alternative solutions to environmental problems.;(Muhammad Nur-2021)-Students showed increased engagement due to the use of interactive digital stories with theme songs and quizzes.;(Muhammad Nur-2021)-No direct mention of anxiety reduction or emotional responses.;"(Muhammad Nur-2021)-Used an application titled ""Citraloka Adventure"" with features like story-based content, quizzes, and music.";(Muhammad Nur-2021)-Interactive digital stories were more effective than traditional methods in improving problem-solving scores (p=0.000).;(Muhammad Nur-2021)-Teacher involvement and parental collaboration are necessary to maximize the effectiveness of digital learning tools.;(Muhammad Nur-2021)-No specific socioeconomic factors mentioned in the study.;(Muhammad Nur-2021)-The study emphasized that digital learning should be used in conjunction with teacher guidance and parent collaboration to optimize student outcomes.
(A L Voievoda-2024)-Ukraine and Israel;(A L Voievoda-2024)-262 students (185 Ukraine, 77 Israel);(A L Voievoda-2024)-Grades 5-11 (Average age ~12.7-12.8 years);"(A L Voievoda-2024)-School students in Ukraine (Vinnytsia, Chernivtsi regions) and Israel (Kiryat Yam); Mixed gender; Post-COVID digitalization context";(A L Voievoda-2024)-Comparative survey research using questionnaires and statistical analysis (phi-Fisher criterion);(A L Voievoda-2024)-Examines student opinions/experiences with existing digital mathematical games (e.g., Matific, Kahoot);"(A L Voievoda-2024)-Comparison between Ukraine and Israel student groups; Implicit comparison to traditional teaching methods";"(A L Voievoda-2024)-School mathematics education context (Ukraine/Israel); Online data collection";"(A L Voievoda-2024)-Questionnaire assessing awareness and perceived knowledge gain from games; Literature review on cognitive impacts";"(A L Voievoda-2024)-Questionnaire assessing interest, desire for use, perception as fun/useful vs. waste of time; Literature review on motivation/anxiety";"(A L Voievoda-2024)-Questionnaire (demographics, usage frequency, teacher use, specific games, open-ended opinions); phi-Fisher statistical test";"(A L Voievoda-2024)-Frequency analysis (% of responses); phi-Fisher test for statistical significance of differences between groups";"(A L Voievoda-2024)-Analysis of open-ended responses on opinions/vision; Identification of commonly used games; Summary of challenges";(A L Voievoda-2024)-Combination of quantitative survey data/statistics and qualitative analysis of open responses/context;"(A L Voievoda-2024)-High student interest in both countries, but lower reported teacher usage (esp. Ukraine); Statistically significant differences in usage frequency, teacher implementation, and preference for traditional methods between countries; Popular games identified";(A L Voievoda-2024)-Statistical significance of differences reported using phi-Fisher criterion, but effect sizes not explicitly stated;(A L Voievoda-2024)-Underdeveloped methodology, need for teacher training, curriculum integration challenges, technical infrastructure, classroom management issues, risk of addiction;"(A L Voievoda-2024)-Students generally admit games can be useful, but some doubt effectiveness; Literature suggests positive cognitive impacts (knowledge, perception, memorization, fewer errors)";"(A L Voievoda-2024)-Not primary focus; Literature mentions problem-solving elements and representational transformation in some games";"(A L Voievoda-2024)-High student interest and desire to use games reported; Seen as potentially more engaging than traditional methods, especially online; Some view games purely as entertainment";(A L Voievoda-2024)-Literature review mentions potential for math anxiety reduction and benefits for low self-efficacy students;"(A L Voievoda-2024)-General digital mathematical games; Specific examples: Matific, Kahoot, Ten Fingers, mathPlayground, Minecraft; MATH-DIGGER (escape room) cited in literature";"(A L Voievoda-2024)-Student interest high; Higher teacher usage reported in Israel; Literature cites evidence for effectiveness but effectiveness depends on proper use; Some student skepticism exists";"(A L Voievoda-2024)-Strong need identified for teacher training and methodological guidance; Curriculum integration and alignment with learning outcomes crucial; Classroom management and game design quality are factors";"(A L Voievoda-2024)-Compares two national contexts; Considers gender (literature review notes effects); Technical infrastructure availability matters; COVID-19 accelerated digital adoption";"(A L Voievoda-2024)-Gap between student interest and teacher implementation noted; Games should supplement traditional methods"
(Melva Zainil-2024)-Indonesia;(Melva Zainil-2024)-199 (99 in experimental group, 100 in control group);(Melva Zainil-2024)-Ages not specified, Grade 4;(Melva Zainil-2024)-Elementary school students;(Melva Zainil-2024)-Quasi-experimental design with pretest-posttest control group;(Melva Zainil-2024)-STEM-based digital learning model;(Melva Zainil-2024)-Conventional STEM learning;(Melva Zainil-2024)-Elementary schools in Indonesia;(Melva Zainil-2024)-6C Skills assessment tool measuring character, citizenship, critical thinking, creative thinking, collaboration, and communication;(Melva Zainil-2024)-N/A;(Melva Zainil-2024)-N/A;(Melva Zainil-2024)-ANOVA and multivariate analysis;(Melva Zainil-2024)-N/A;(Melva Zainil-2024)-N/A;"(Melva Zainil-2024)-Significant improvement in all 6C skills in the experimental group compared to the control group; strong statistical significance (p=0.000) across all dimensions";(Melva Zainil-2024)-Large effect sizes with R² values ranging from 0.479 to 0.866 for different skills;"(Melva Zainil-2024)-Short study duration limiting long-term impact assessment; need for longitudinal research";(Melva Zainil-2024)-STEM-based digital learning improved critical thinking by 15.62 points (89.86 vs 74.24) and creative thinking by 14.72 points based on standardized 6C skill assessments.;(Melva Zainil-2024)-STEM activities enhanced problem-solving through collaborative project-based tasks showing 12.32 point improvement in collaboration scores.;(Melva Zainil-2024)-Students showed increased engagement with interactive STEM simulations and real-world problem scenarios according to teacher observations.;(Melva Zainil-2024)-No direct mention of anxiety reduction or emotional responses.;(Melva Zainil-2024)-Used a digital platform integrating science experiments, math modeling, engineering challenges, and technology tools.;(Melva Zainil-2024)-STEM-based digital learning showed statistically significant superiority over conventional methods in all 6C dimensions (p=0.000).;(Melva Zainil-2024)-Teacher training on digital STEM tools was provided but specific impact metrics not reported.;(Melva Zainil-2024)-No socioeconomic factors were specifically analyzed in the study.;(Melva Zainil-2024)-The study recommends longitudinal research to observe long-term 6C skill development and suggests expanding implementation to more diverse contexts.
